Tue Oct 26 2010,W
Wed Oct 27 2010,L
Fri Oct 29 2010,W
Tue Nov 2 2010,W
Wed Nov 3 2010,W
Fri Nov 5 2010,W
Sun Nov 7 2010,W
Mon Nov 8 2010,L
Thu Nov 11 2010,W
Sat Nov 13 2010,W
Wed Nov 17 2010,W
Fri Nov 19 2010,L
Sun Nov 21 2010,L
Mon Nov 22 2010,W
Wed Nov 24 2010,W
Fri Nov 26 2010,W
Tue Nov 30 2010,W
Wed Dec 1 2010,W
Fri Dec 3 2010,W
Sun Dec 5 2010,W
Wed Dec 8 2010,W
Thu Dec 9 2010,W
Sat Dec 11 2010,W
Wed Dec 15 2010,W
Thu Dec 16 2010,W
Sun Dec 19 2010,W
Wed Dec 22 2010,W
Sat Dec 25 2010,L
Tue Dec 28 2010,W
Wed Dec 29 2010,L
Fri Dec 31 2010,L
Sun Jan 2 2011,W
Mon Jan 3 2011,W
Wed Jan 5 2011,W
Fri Jan 7 2011,W
Sat Jan 8 2011,L
Mon Jan 10 2011,L
Wed Jan 12 2011,W
Fri Jan 14 2011,W
Mon Jan 17 2011,W
Wed Jan 19 2011,W
Fri Jan 21 2011,W
Sat Jan 22 2011,L
Tue Jan 25 2011,W
Thu Jan 27 2011,W
Fri Jan 28 2011,L
Sun Jan 30 2011,W
Tue Feb 1 2011,W
Fri Feb 4 2011,L
Sun Feb 6 2011,W
Mon Feb 7 2011,L
Thu Feb 10 2011,L
Sun Feb 13 2011,W
Wed Feb 16 2011,W
Tue Feb 22 2011,W
Thu Feb 24 2011,L
Sat Feb 26 2011,W
Mon Feb 28 2011,W
Wed Mar 2 2011,W
Fri Mar 4 2011,W
Sun Mar 6 2011,W
Wed Mar 9 2011,L
Fri Mar 11 2011,L
Sun Mar 13 2011,W
Mon Mar 14 2011,L
Wed Mar 16 2011,W
Fri Mar 18 2011,L
Sat Mar 19 2011,W
Mon Mar 21 2011,W
Wed Mar 23 2011,L
Fri Mar 25 2011,L
Sun Mar 27 2011,W
Mon Mar 28 2011,L
Thu Mar 31 2011,W
Fri Apr 1 2011,L
Sun Apr 3 2011,W
Tue Apr 5 2011,W
Thu Apr 7 2011,L
Fri Apr 8 2011,W
Sun Apr 10 2011,L
Mon Apr 11 2011,L
Wed Apr 13 2011,W
Sun Apr 17 2011,W
Tue Apr 19 2011,W
Fri Apr 22 2011,W
Sun Apr 24 2011,W
Sun May 1 2011,L
Tue May 3 2011,L
Sat May 7 2011,W
Mon May 9 2011,L
Wed May 11 2011,L